"";"IRIS";"REG";"DEP";"UU2010";"COM";"LIBCOM";"TRIRIS";"GRD_QUART";"LIBIRIS";"TYP_IRIS";"MODIF_IRIS";"LAB_IRIS";"P16_POP";"P16_POP0002";"P16_POP0305";"P16_POP0610";"P16_POP1117";"P16_POP1824";"P16_POP2539";"P16_POP4054";"P16_POP5564";"P16_POP6579";"P16_POP80P";"P16_POP0014";"P16_POP1529";"P16_POP3044";"P16_POP4559";"P16_POP6074";"P16_POP75P";"P16_POP0019";"P16_POP2064";"P16_POP65P";"P16_POPH";"P16_H0014";"P16_H1529";"P16_H3044";"P16_H4559";"P16_H6074";"P16_H75P";"P16_H0019";"P16_H2064";"P16_H65P";"P16_POPF";"P16_F0014";"P16_F1529";"P16_F3044";"P16_F4559";"P16_F6074";"P16_F75P";"P16_F0019";"P16_F2064";"P16_F65P";"C16_POP15P";"C16_POP15P_CS1";"C16_POP15P_CS2";"C16_POP15P_CS3";"C16_POP15P_CS4";"C16_POP15P_CS5";"C16_POP15P_CS6";"C16_POP15P_CS7";"C16_POP15P_CS8";"C16_H15P";"C16_H15P_CS1";"C16_H15P_CS2";"C16_H15P_CS3";"C16_H15P_CS4";"C16_H15P_CS5";"C16_H15P_CS6";"C16_H15P_CS7";"C16_H15P_CS8";"C16_F15P";"C16_F15P_CS1";"C16_F15P_CS2";"C16_F15P_CS3";"C16_F15P_CS4";"C16_F15P_CS5";"C16_F15P_CS6";"C16_F15P_CS7";"C16_F15P_CS8";"P16_POP_FR";"P16_POP_ETR";"P16_POP_IMM";"P16_PMEN";"P16_PHORMEN"
"1";"593500101";32;"59";"59702";"59350";"Lille";"591601";"5935001";"lille centre 1";"A";0;"3";42;4;4;8;0;0;8;8;8;4;0;15;0;15;4;8;0;15;23;4;23;8;0;8;4;4;0;8;11;4;19;8;0;8;0;4;0;8;11;0;26;0;0;19;4;0;4;0;0;15;0;0;11;0;0;4;0;0;11;0;0;8;4;0;0;0;0;42;0;0;42;0
"2";"593500104";32;"59";"59702";"59350";"Lille";"591591";"5935001";"lille centre 4";"H";0;"1";2837;77;58;82;139;774;750;336;221;256;145;281;1194;534;323;312;193;546;1891;401;1392;128;567;282;147;178;89;253;946;193;1445;153;627;252;176;134;104;293;945;208;2556;0;68;615;303;236;84;382;868;1264;0;42;372;103;97;73;197;380;1292;0;26;243;199;140;11;185;488;2582;256;318;2837;0
"3";"593500105";32;"59";"59702";"59350";"Lille";"591591";"5935001";"lille centre 5";"H";0;"1";2433;19;11;33;73;1227;551;182;123;133;81;99;1613;275;175;175;97;424;1794;214;1116;65;690;140;87;93;40;218;799;98;1317;34;923;134;87;82;57;206;995;116;2333;0;84;360;357;185;36;191;1119;1056;0;41;206;147;67;27;100;468;1276;0;43;154;210;118;9;91;651;2352;80;114;2417;15
"4";"593500106";32;"59";"59702";"59350";"Lille";"591611";"5935001";"lille centre 6";"A";0;"1";1498;23;29;36;53;738;325;127;82;63;21;122;918;211;114;104;28;362;1052;84;707;78;403;101;52;60;13;180;478;49;790;44;515;111;62;44;14;182;574;35;1375;0;14;287;183;140;27;93;631;629;0;11;154;91;50;18;55;250;746;0;3;133;92;90;9;38;381;1256;242;274;1498;0
"5";"593500107";32;"59";"59702";"59350";"Lille";"591591";"5935001";"lille centre 7";"A";0;"3";104;4;0;0;0;42;35;5;0;8;11;4;61;15;5;0;19;6;80;19;44;0;24;12;1;0;8;1;36;8;60;4;37;4;4;0;11;5;44;11;101;0;1;24;12;4;8;19;33;44;0;1;15;4;4;0;8;12;56;0;0;9;8;0;8;11;21;93;11;11;104;0
"6";"593500108";32;"59";"59702";"59350";"Lille";"591591";"5935001";"lille centre 8";"A";0;"3";159;4;8;4;4;36;57;19;4;20;4;16;58;54;8;16;8;28;108;23;88;12;37;31;0;4;4;16;64;8;72;4;21;23;8;12;4;12;44;16;144;0;5;68;9;8;0;20;35;76;0;5;36;9;4;0;4;18;68;0;0;31;0;4;0;16;17;158;1;5;159;0
"7";"593500109";32;"59";"59702";"59350";"Lille";"591591";"5935001";"lille centre 9";"A";0;"3";121;4;0;0;0;41;45;6;4;12;9;4;75;11;10;8;13;9;91;21;62;0;40;9;4;4;5;0;53;9;59;4;35;2;6;4;8;9;38;12;117;0;8;28;15;12;4;17;34;62;0;8;10;4;12;4;9;16;55;0;0;18;11;0;0;8;18;121;0;8;121;0
"8";"593500110";32;"59";"59702";"59350";"Lille";"591591";"5935001";"lille centre 10";"A";0;"3";455;15;2;1;19;134;171;65;16;23;8;34;226;106;50;27;12;60;364;31;242;26;116;64;24;8;4;41;197;4;213;8;110;42;26;19;8;19;167;27;421;0;16;140;84;29;1;23;128;216;0;3;92;33;8;0;4;76;205;0;13;47;51;22;1;19;52;388;67;71;455;0
"9";"593500111";32;"59";"59702";"59350";"Lille";"591611";"5935001";"lille centre 11";"H";0;"1";2577;74;22;38;46;904;906;249;142;132;63;159;1407;525;217;197;73;381;2001;196;1320;101;696;307;113;93;10;198;1055;67;1257;58;711;217;104;105;63;183;946;129;2423;1;53;664;399;258;69;221;758;1230;1;37;377;215;132;46;78;343;1193;0;16;288;184;126;23;143;414;2348;229;293;2457;121
"10";"593500112";32;"59";"59702";"59350";"Lille";"591591";"5935001";"lille centre 12";"H";0;"1";2674;48;64;81;131;811;661;409;197;180;91;274;1135;527;380;199;157;512;1890;272;1232;150;450;277;196;93;67;235;876;121;1441;124;685;250;185;106;91;277;1014;150;2399;0;84;689;360;215;66;242;744;1082;0;61;406;99;89;51;110;266;1317;0;23;283;261;126;15;132;477;2496;177;230;2674;0
"11";"593500113";32;"59";"59702";"59350";"Lille";"591611";"5935001";"lille centre 13";"A";0;"3";1637;67;42;98;95;359;590;229;95;48;16;265;651;419;203;76;24;354;1220;63;872;144;365;214;105;40;4;198;653;21;765;121;285;205;97;36;20;156;567;43;1372;0;42;385;261;232;97;83;271;728;0;25;234;111;102;84;28;144;644;0;17;152;151;130;13;54;127;1520;117;162;1637;0
"12";"593500114";32;"59";"59702";"59350";"Lille";"591611";"5935001";"lille centre 14";"A";0;"3";8;0;0;0;0;8;0;0;0;0;0;0;8;0;0;0;0;0;8;0;8;0;8;0;0;0;0;0;8;0;0;0;0;0;0;0;0;0;0;0;8;0;0;0;0;0;0;0;8;8;0;0;0;0;0;0;0;8;0;0;0;0;0;0;0;0;0;8;0;0;8;0
"13";"593500115";32;"59";"59702";"59350";"Lille";"591611";"5935001";"lille centre 15";"H";0;"2";2965;102;94;190;292;804;644;423;222;152;42;568;1160;526;408;229;74;870;1901;194;1526;312;631;255;168;113;47;460;952;114;1439;256;528;271;239;116;28;410;949;80;2389;0;51;299;266;389;164;251;969;1187;0;29;197;119;101;129;127;484;1202;0;22;102;147;288;35;124;485;2415;551;578;2837;128
"14";"593500116";32;"59";"59702";"59350";"Lille";"591591";"5935001";"lille centre 16";"H";0;"1";2802;82;57;112;115;669;861;372;149;254;129;310;1126;594;311;257;205;488;1930;383;1182;126;472;300;145;81;58;180;880;122;1619;184;654;294;166;175;146;308;1050;261;2496;2;57;694;402;262;65;374;641;1062;2;47;372;176;67;47;124;227;1434;0;10;321;226;195;18;250;414;2608;194;256;2734;68
"15";"593500117";32;"59";"59702";"59350";"Lille";"591611";"5935001";"lille centre 17";"H";0;"2";1685;34;47;67;54;321;381;247;184;236;116;185;488;321;240;268;183;293;1041;352;743;80;227;167;114;105;52;117;518;109;942;106;261;155;126;163;131;176;523;243;1500;0;14;224;194;245;55;368;400;664;0;10;131;86;118;44;123;152;836;0;4;93;109;127;11;245;248;1561;125;238;1685;0
"16";"593500118";32;"59";"59702";"59350";"Lille";"591601";"5935001";"lille centre 18";"H";0;"1";3930;87;83;113;198;1145;1156;594;303;168;82;400;1810;771;545;279;125;759;2920;250;1905;218;792;422;288;141;44;352;1445;107;2025;182;1018;349;257;138;81;407;1475;143;3545;0;92;950;612;386;75;315;1115;1685;0;57;524;286;138;75;140;465;1860;0;35;427;326;247;0;175;650;3639;291;299;3850;80
"17";"593500119";32;"59";"59702";"59350";"Lille";"591601";"5935001";"lille centre 19";"H";0;"1";4278;72;50;106;183;1586;1201;517;227;254;81;313;2356;720;464;283;142;737;3206;335;1943;202;953;369;212;144;64;359;1434;150;2334;111;1403;351;252;139;78;377;1772;185;3964;4;113;1016;633;347;66;339;1448;1741;4;99;540;265;127;33;165;509;2223;0;14;476;368;220;33;173;939;4076;201;262;4272;6
"18";"593500201";32;"59";"59702";"59350";"Lille";"591631";"5935002";"vieux lille 1";"H";0;"1";3158;85;51;57;104;458;1568;528;146;129;33;252;1192;1102;378;163;70;366;2630;162;1757;121;607;700;225;75;29;191;1501;66;1401;132;585;402;153;89;41;176;1129;96;2901;0;44;1095;663;532;71;171;326;1647;0;39;657;335;330;56;70;160;1255;0;4;438;328;203;15;101;166;2994;164;196;3011;148
"19";"593500202";32;"59";"59702";"59350";"Lille";"591621";"5935002";"vieux lille 2";"H";0;"1";1875;31;50;79;125;361;693;262;106;98;69;223;700;495;235;115;107;369;1338;168;917;88;359;261;135;44;29;167;692;58;958;135;341;233;100;71;77;202;646;110;1652;1;50;469;256;227;63;164;423;836;1;36;292;105;107;44;66;185;816;0;14;177;151;120;19;98;239;1761;114;172;1788;87
"20";"593500203";32;"59";"59702";"59350";"Lille";"591621";"5935002";"vieux lille 3";"H";0;"1";2474;52;47;60;78;811;844;344;122;94;23;192;1329;510;279;119;44;377;1980;117;1175;110;609;246;131;61;17;192;934;49;1299;83;720;264;147;58;27;185;1046;68;2281;0;82;736;478;266;52;107;560;1065;0;51;377;225;87;45;53;227;1216;0;31;360;253;180;7;54;333;2292;182;221;2474;0
"21";"593500204";32;"59";"59702";"59350";"Lille";"591631";"5935002";"vieux lille 4";"H";0;"1";4133;108;98;129;173;1135;1281;581;301;228;98;405;1868;873;519;314;154;662;3144;327;1926;211;784;457;266;158;51;337;1455;134;2207;194;1084;417;253;156;103;325;1689;193;3725;2;126;1154;510;486;94;363;991;1709;2;98;625;215;168;74;163;364;2016;0;28;529;296;317;20;200;627;3918;215;305;4084;49
"22";"593500205";32;"59";"59702";"59350";"Lille";"591631";"5935002";"vieux lille 5";"H";0;"1";3264;83;52;118;140;799;1164;434;211;158;105;335;1395;794;357;249;133;557;2443;263;1655;164;669;472;178;124;47;273;1287;95;1609;171;726;322;179;125;86;284;1157;168;2924;0;98;944;595;271;83;300;632;1506;0;69;534;270;135;75;130;294;1418;0;29;410;326;136;8;170;339;3106;158;215;3063;200
"23";"593500206";32;"59";"59702";"59350";"Lille";"591631";"5935002";"vieux lille 6";"H";0;"1";2136;49;21;56;141;570;559;358;205;99;76;191;979;358;347;166;94;491;1470;175;1038;60;486;203;177;79;33;188;776;73;1098;131;493;156;170;88;61;303;693;102;1948;0;50;486;302;227;34;184;666;983;0;44;278;165;93;34;86;284;965;0;6;208;137;134;0;98;382;2058;78;127;1982;154
"24";"593500207";32;"59";"59702";"59350";"Lille";"591621";"5935002";"vieux lille 7";"H";0;"2";2220;51;97;98;90;261;623;344;196;267;194;293;576;478;319;305;250;387;1373;461;1024;150;277;248;145;136;68;206;651;167;1196;143;299;230;174;168;182;181;722;293;1929;0;41;345;285;276;133;458;390;856;0;25;205;106;98;93;131;198;1073;0;16;140;180;178;40;327;192;1935;285;375;1971;249
"25";"593500302";32;"59";"59702";"59350";"Lille";"591641";"5935003";"vauban-esquermes";"A";0;"3";134;0;0;0;8;20;24;39;20;16;8;4;43;4;51;20;12;12;98;24;67;0;24;4;27;12;0;4;55;8;67;4;20;0;24;8;12;8;43;16;130;0;16;31;20;8;0;28;27;67;0;8;20;12;4;0;8;16;63;0;8;12;8;4;0;20;12;126;8;16;134;0
"26";"593500303";32;"59";"59702";"59350";"Lille";"591641";"5935003";"Catinat";"H";0;"1";2876;62;56;97;131;1448;544;306;132;74;26;280;1819;363;257;106;50;805;1970;100;1334;153;823;183;116;42;17;369;933;32;1542;128;996;180;141;64;33;437;1037;68;2592;0;43;273;335;302;137;113;1390;1183;0;33;169;171;110;100;35;565;1409;0;10;104;163;192;36;78;825;2609;267;335;2863;13
"27";"593500304";32;"59";"59702";"59350";"Lille";"591641";"5935003";"Cordonnier";"H";0;"1";2212;39;51;30;98;987;336;204;212;166;89;174;1200;224;253;208;153;517;1440;255;1021;90;595;120;114;61;42;261;698;62;1191;84;606;104;140;147;112;256;742;193;2041;0;22;178;258;222;74;305;982;937;0;20;106;118;70;58;90;475;1104;0;2;72;140;151;16;215;507;2087;125;206;2205;7
"28";"593500305";32;"59";"59702";"59350";"Lille";"591641";"5935003";"Colson";"H";0;"1";3263;18;17;51;76;2108;483;186;68;185;70;127;2372;294;171;192;107;971;2037;256;1630;63;1176;162;100;97;31;407;1111;111;1634;64;1195;132;71;95;76;564;925;144;3123;0;34;397;298;184;48;254;1909;1565;0;30;243;138;90;36;103;926;1558;0;4;154;160;95;12;150;983;3067;196;263;2767;497
"29";"593500306";32;"59";"59702";"59350";"Lille";"591651";"5935003";"Arbonnoise";"H";0;"1";2638;38;38;72;120;1045;638;314;166;157;51;207;1434;419;297;188;93;551;1880;207;1213;105;629;220;130;88;42;233;893;87;1425;102;805;198;168;101;51;318;987;120;2435;0;41;366;466;327;63;224;948;1113;0;26;226;224;114;54;89;380;1322;0;16;140;242;213;8;135;568;2447;191;262;2602;36
"30";"593500307";32;"59";"59702";"59350";"Lille";"591651";"5935003";"Lille-Acier";"H";0;"1";2643;92;77;100;190;501;728;436;226;234;60;347;949;573;392;274;107;583;1765;294;1197;174;428;294;152;110;39;248;848;102;1445;173;521;280;240;164;68;336;918;192;2296;0;46;523;387;361;79;330;570;1023;0;34;299;185;102;65;122;218;1273;0;12;224;202;260;14;208;353;2447;195;263;2643;0
"31";"593500308";32;"59";"59702";"59350";"Lille";"591651";"5935003";"Grande Brasserie";"H";0;"1";3106;81;47;90;162;1038;842;396;156;197;96;301;1536;581;321;223;145;639;2174;294;1458;140;714;289;157;100;59;310;1021;127;1648;162;821;292;164;123;86;330;1152;166;2802;3;26;588;431;338;115;286;1014;1319;3;16;298;185;118;90;138;471;1484;0;10;291;246;220;25;148;543;2882;225;268;3075;32
"32";"593500309";32;"59";"59702";"59350";"Lille";"591641";"5935003";"Lestiboudois";"H";0;"1";2273;44;33;100;164;1066;331;245;149;74;66;266;1315;258;243;101;90;845;1288;140;1151;137;703;130;119;37;25;470;634;47;1122;129;612;128;124;64;65;375;654;94;2001;0;36;362;214;174;32;159;1024;976;0;23;233;93;54;22;51;501;1025;0;13;130;122;120;9;108;523;2079;194;252;1841;432
"33";"593500310";32;"59";"59702";"59350";"Lille";"591641";"5935003";"Citadelle";"D";0;"3";95;2;1;7;5;4;30;38;7;0;0;14;14;38;23;6;0;16;79;0;62;4;8;30;19;1;0;4;58;0;33;10;6;8;4;5;0;12;21;0;83;0;1;24;16;22;6;0;15;56;0;0;20;6;22;2;0;6;28;0;1;4;10;0;4;0;9;95;0;0;48;47
"34";"593500401";32;"59";"59702";"59350";"Lille";"591491";"5935004";"Montebello";"H";0;"1";2223;65;76;57;217;659;576;250;141;162;21;280;1051;413;238;185;56;577;1463;183;1087;137;481;257;119;72;21;300;719;67;1136;142;570;156;119;113;35;277;744;115;1934;0;27;265;324;281;137;174;726;956;0;14;174;122;142;104;69;331;978;0;13;91;202;138;34;105;395;1862;361;376;2045;178
"35";"593500402";32;"59";"59702";"59350";"Lille";"591491";"5935004";"Sarrazins";"H";0;"1";2211;85;88;124;156;336;655;326;216;173;53;383;659;534;308;243;84;522;1463;226;1048;213;288;286;125;112;23;267;693;87;1164;170;371;248;183;131;60;255;770;139;1825;0;19;250;318;253;114;247;624;834;0;18;125;134;126;89;101;242;990;0;1;125;185;127;25;146;382;1884;327;380;2211;0
"36";"593500403";32;"59";"59702";"59350";"Lille";"591491";"5935004";"Magenta-Fombello";"H";0;"2";2039;121;85;112;91;483;579;293;155;97;23;370;752;450;261;160;46;558;1361;119;906;167;342;183;117;87;9;241;609;56;1133;203;409;267;144;73;37;317;753;64;1657;0;19;182;257;353;176;134;537;731;0;18;108;103;113;131;53;206;926;0;1;74;155;240;44;81;332;1661;378;441;2030;9
"37";"593500404";32;"59";"59702";"59350";"Lille";"591501";"5935004";"Flandre";"H";0;"1";3688;69;77;96;153;1383;987;425;190;215;92;331;1959;658;363;234;143;754;2626;308;1726;163;880;380;172;91;39;351;1268;106;1962;168;1078;278;191;143;104;403;1358;201;3353;0;71;693;534;389;197;317;1152;1561;0;44;392;190;147;170;99;520;1791;0;27;301;345;241;27;218;632;3305;383;442;3687;1
"38";"593500405";32;"59";"59702";"59350";"Lille";"591501";"5935004";"Brigode";"H";0;"1";2410;34;30;45;33;926;637;270;127;176;131;130;1338;329;241;198;174;394;1708;308;1086;90;558;177;123;86;52;193;788;105;1324;40;780;151;118;112;122;200;921;203;2279;0;35;466;418;176;55;329;800;996;0;15;227;196;87;47;114;310;1283;0;20;239;221;89;9;215;489;2267;143;153;2410;0
"39";"593500406";32;"59";"59702";"59350";"Lille";"591501";"5935004";"Franklin";"H";0;"1";4007;50;35;138;124;1543;1104;441;234;155;184;286;2140;747;390;230;214;720;2948;339;2077;144;1097;433;213;108;82;359;1577;141;1930;142;1043;314;177;122;132;361;1371;198;3716;4;75;837;487;389;169;363;1392;1936;4;51;497;217;181;134;140;711;1780;0;23;340;270;208;36;223;681;3718;289;351;3806;200
"40";"593500407";32;"59";"59702";"59350";"Lille";"591501";"5935004";"Stations";"H";0;"1";3131;71;39;79;158;1409;746;311;140;136;42;252;1916;430;305;171;57;729;2223;178;1439;119;837;240;135;88;20;310;1053;76;1692;133;1079;190;169;83;37;419;1171;102;2887;12;75;537;439;266;68;180;1310;1325;12;46;277;175;111;62;85;557;1562;0;30;260;264;154;7;94;753;2955;176;230;3083;48
"41";"593500408";32;"59";"59702";"59350";"Lille";"591511";"5935004";"Justice";"H";0;"1";2271;66;64;78;56;611;808;329;163;74;23;246;950;602;302;131;40;375;1800;96;1177;127;423;367;179;64;17;191;944;42;1094;119;527;236;122;67;23;184;856;54;2027;0;51;318;372;332;204;141;608;1055;0;35;188;169;144;154;75;291;972;0;16;130;204;189;50;66;317;1973;298;371;2248;23
"42";"593500409";32;"59";"59702";"59350";"Lille";"591511";"5935004";"Mairie";"H";0;"1";2676;37;64;78;92;691;780;361;134;339;99;227;1095;584;242;322;205;463;1775;438;1386;112;487;348;138;200;102;193;946;247;1290;116;608;236;104;122;103;270;829;191;2447;0;47;494;363;261;121;475;687;1280;0;42;274;180;108;74;274;327;1167;0;4;220;184;153;47;201;359;2361;314;386;2629;47
"43";"593500410";32;"59";"59702";"59350";"Lille";"591511";"5935004";"barthelemy";"H";0;"1";2098;72;60;107;81;439;785;276;81;90;106;292;794;558;209;112;134;419;1483;196;1006;142;369;328;87;36;45;171;775;61;1092;150;425;230;122;77;88;249;708;135;1806;0;61;402;366;201;81;192;503;860;0;37;252;156;94;69;63;190;946;0;24;151;210;107;12;129;313;1828;270;326;1992;106
"44";"593500501";32;"59";"59702";"59350";"Lille";"591521";"5935005";"Strasbourg";"H";0;"3";285;23;11;49;46;42;49;34;23;8;0;110;80;46;34;15;0;148;129;8;152;57;49;19;15;11;0;83;61;8;133;53;30;27;19;4;0;65;68;0;175;0;4;11;11;19;27;8;95;95;0;0;11;8;0;19;8;49;80;0;4;0;4;19;8;0;46;155;129;106;285;0
"45";"593500502";32;"59";"59702";"59350";"Lille";"591531";"5935005";"Seclin";"H";0;"2";2257;106;94;95;122;510;661;320;188;122;40;348;862;482;292;219;54;551;1543;162;1126;184;420;257;118;128;20;286;763;78;1130;165;443;224;174;91;34;265;780;85;1908;0;52;189;273;430;206;194;564;943;0;52;87;120;149;153;107;274;966;0;0;102;153;281;53;87;290;1877;380;427;2257;0
"46";"593500503";32;"59";"59702";"59350";"Lille";"591531";"5935005";"Arsenal";"H";0;"1";2805;84;102;133;111;652;783;336;138;191;275;384;1007;604;272;214;325;521;1818;466;1285;166;470;325;162;85;78;230;916;139;1520;218;537;279;110;129;248;291;902;327;2421;0;42;338;302;308;189;499;743;1126;0;30;192;137;131;167;157;312;1295;0;12;145;165;177;23;342;431;2368;436;507;2471;334
"47";"593500504";32;"59";"59702";"59350";"Lille";"591521";"5935005";"Fac de Droit";"H";0;"1";3799;108;111;180;196;1382;882;433;216;241;52;487;1841;705;351;322;94;1347;2160;292;1928;228;993;383;165;126;32;724;1080;124;1871;259;847;322;186;196;61;623;1080;168;3327;0;57;206;467;525;316;321;1435;1711;0;46;143;201;214;235;138;734;1615;0;11;62;265;311;81;184;701;3251;548;609;3054;745
"48";"593500506";32;"59";"59702";"59350";"Lille";"591531";"5935005";"Arras";"H";0;"1";5154;274;165;220;306;1125;1687;757;313;243;63;842;1967;1327;558;340;120;1235;3613;306;2613;420;1018;667;278;172;58;634;1820;159;2541;423;949;660;281;167;62;601;1793;147;4308;3;114;584;803;821;390;331;1262;2193;3;90;309;389;332;318;159;592;2115;0;24;275;414;489;72;171;670;4476;679;862;5012;142
"49";"593500507";32;"59";"59702";"59350";"Lille";"591521";"5935005";"Belfort";"H";0;"2";1662;78;75;123;132;496;294;247;75;120;21;358;662;257;217;127;42;585;936;141;793;196;316;107;82;70;22;308;401;84;868;163;346;149;134;56;20;277;535;56;1310;0;9;28;116;158;116;139;744;548;0;6;15;47;68;91;83;238;762;0;3;13;68;90;25;56;506;1292;370;444;1542;120
"50";"593500508";32;"59";"59702";"59350";"Lille";"591531";"5935005";"Trevise";"H";0;"1";2826;90;92;161;135;584;862;445;188;211;58;420;1003;715;340;226;121;650;1907;269;1485;222;539;401;192;94;37;359;1028;98;1341;198;464;314;148;132;85;292;878;171;2409;0;23;329;363;418;285;277;713;1269;0;16;206;222;132;232;109;353;1140;0;8;123;141;286;54;168;361;2350;476;458;2745;81
"51";"593500601";32;"59";"59702";"59350";"Lille";"590091";"5935006";"Baltique-Vieux Faubourg";"H";0;"1";2322;91;55;129;177;373;555;369;254;202;116;375;625;503;369;296;154;563;1441;318;1110;203;302;258;164;142;42;299;699;112;1212;172;323;244;205;154;113;265;742;205;1945;0;56;245;306;345;130;383;479;900;0;36;170;131;102;114;153;194;1045;0;19;76;175;243;17;230;285;2135;187;265;2296;26
"52";"593500602";32;"59";"59702";"59350";"Lille";"590091";"5935006";"Concorde 1";"H";0;"1";1669;161;100;145;172;152;376;276;146;94;46;496;332;382;238;155;65;617;911;140;852;287;173;191;117;60;24;352;446;55;816;209;159;191;121;95;42;266;465;85;1172;0;20;13;57;220;267;170;426;565;0;20;3;35;64;236;59;147;608;0;0;9;22;156;31;111;279;1066;603;621;1669;0
"53";"593500603";32;"59";"59702";"59350";"Lille";"590091";"5935006";"Verhaeren";"H";0;"1";1486;66;112;128;142;115;383;303;116;98;25;379;297;382;256;119;53;475;888;123;674;199;113;194;109;43;16;242;387;45;812;180;183;187;148;77;37;233;501;78;1107;0;20;10;82;297;243;160;296;475;0;15;5;40;109;164;57;85;632;0;5;5;42;188;78;103;211;1180;306;293;1486;0
"54";"593500604";32;"59";"59702";"59350";"Lille";"590091";"5935006";"Concorde 2";"H";0;"2";2016;107;124;216;271;187;298;424;147;224;18;616;385;371;343;222;79;782;992;242;960;250;167;200;180;108;55;327;492;141;1056;367;218;171;163;113;24;455;499;101;1400;0;14;15;67;249;278;241;536;711;0;12;6;45;92;229;147;180;689;0;2;9;21;157;49;94;356;1132;884;828;1970;46
"55";"593500701";32;"59";"59702";"59350";"Lille";"591561";"5935007";"Chr";"A";0;"3";808;8;6;10;18;508;154;21;10;45;29;28;628;54;18;34;46;228;507;73;334;12;247;27;13;23;12;89;217;29;474;16;381;27;5;11;34;139;290;45;774;0;2;58;29;18;8;72;587;298;0;2;23;12;1;8;32;220;476;0;0;35;17;17;0;40;367;761;47;57;466;341
"56";"593500702";32;"59";"59702";"59350";"Lille";"591561";"5935007";"Faubourg des Postes A";"H";0;"1";1862;108;87;160;181;296;322;307;186;138;77;431;500;342;308;174;107;603;1044;215;870;224;222;174;138;84;27;315;470;85;992;207;278;167;170;90;79;287;574;131;1430;0;34;92;223;254;170;258;398;646;0;27;65;96;84;124;112;138;784;0;7;27;127;170;46;147;260;1617;245;315;1852;10
"57";"593500703";32;"59";"59702";"59350";"Lille";"591561";"5935007";"Faubourg des Postes B";"H";0;"1";2411;128;83;203;184;313;639;457;187;170;48;526;623;553;431;172;106;695;1499;217;1170;297;319;259;191;78;25;409;692;68;1241;229;304;293;240;94;81;286;806;149;1885;0;23;169;201;407;293;251;541;872;0;12;98;79;145;232;98;208;1013;0;11;71;122;261;61;153;333;2045;366;407;2411;0
"58";"593500704";32;"59";"59702";"59350";"Lille";"591581";"5935007";"Croisette A";"H";0;"2";1974;120;124;163;270;224;402;336;172;146;18;545;498;400;276;219;35;749;1061;164;973;265;241;217;131;102;17;383;517;74;1000;281;257;183;145;116;18;367;544;90;1430;0;17;27;96;238;255;206;592;709;0;14;19;42;85;225;99;226;722;0;3;8;54;153;30;108;366;1484;490;534;1971;3
"59";"593500705";32;"59";"59702";"59350";"Lille";"591581";"5935007";"Croisette B";"H";0;"1";1884;150;105;142;149;186;520;342;163;106;21;482;450;470;288;154;41;603;1155;127;963;269;205;253;157;64;16;318;589;56;921;214;244;218;131;90;25;285;565;70;1402;0;19;32;101;279;285;132;554;695;0;13;25;43;118;243;68;185;707;0;6;7;58;161;42;64;369;1278;606;562;1884;0
"60";"593500706";32;"59";"59702";"59350";"Lille";"591561";"5935007";"Giraudoux";"H";0;"1";1577;61;99;135;149;234;335;267;160;93;43;365;422;290;286;149;64;530;911;136;797;225;213;146;116;74;22;312;426;59;780;140;209;144;170;75;42;218;485;77;1212;0;16;33;108;265;194;158;438;572;0;16;17;42;60;164;74;201;640;0;0;17;66;205;30;85;237;1345;232;277;1577;0
"61";"593500707";32;"59";"59702";"59350";"Lille";"591581";"5935007";"400 maisons-cimetière du Sud";"H";0;"1";2073;141;101;199;189;210;404;396;185;203;45;571;392;396;391;221;103;710;1116;248;938;269;198;184;179;91;18;349;507;81;1136;303;193;212;212;130;85;360;609;166;1502;0;15;63;184;259;282;272;427;669;0;15;27;86;79;219;94;150;833;0;0;36;98;179;63;179;277;1623;450;498;2073;0
"62";"593500709";32;"59";"59702";"59350";"Lille";"591571";"5935007";"Lopofa-Tudor";"A";0;"3";450;42;36;23;39;60;135;72;17;21;6;124;110;129;52;25;10;146;277;27;210;63;47;63;29;3;5;69;136;6;240;61;63;66;23;22;5;78;142;21;326;1;9;30;92;78;32;30;55;147;1;8;20;47;21;28;6;16;179;0;1;10;45;57;3;23;39;407;43;65;450;0
"63";"593500710";32;"59";"59702";"59350";"Lille";"591571";"5935007";"Faubourg de Douai";"H";0;"1";3895;153;185;233;358;805;799;691;355;219;97;777;1282;735;639;317;145;1158;2421;317;2009;420;651;350;380;163;45;606;1269;135;1886;357;631;385;259;154;101;552;1152;182;3133;0;41;347;616;416;319;427;967;1585;0;33;199;288;137;269;183;476;1548;0;7;148;329;279;51;244;491;3510;385;579;3895;0
"64";"593500711";32;"59";"59702";"59350";"Lille";"591571";"5935007";"Balzac-Lazarre Garreau";"H";0;"2";2018;88;75;146;202;183;418;343;193;275;97;395;444;387;324;285;183;569;1077;371;1030;186;235;217;163;125;104;269;577;185;987;209;209;170;160;160;78;301;501;186;1622;0;47;47;156;232;336;343;460;844;0;39;26;78;58;294;182;167;778;0;8;21;78;174;42;162;293;1508;510;627;2018;0
"65";"593500801";32;"59";"59702";"59350";"Lille";"590101";"5935008";"Marx Dormoy";"H";0;"1";1401;78;27;46;38;139;494;199;157;186;37;168;357;351;219;213;92;213;965;224;709;102;181;201;133;68;26;123;517;69;692;67;177;151;86;145;67;90;448;154;1233;0;11;276;280;172;71;269;154;607;0;7;150;150;81;67;84;68;625;0;4;126;130;91;4;185;86;1309;92;150;1393;8
"66";"593500802";32;"59";"59702";"59350";"Lille";"590101";"5935008";"Canteleu";"H";0;"1";2688;78;133;173;203;355;752;493;245;183;72;507;731;637;456;234;123;673;1761;255;1341;286;340;326;230;101;57;367;865;108;1347;221;391;311;226;132;66;305;896;147;2177;4;62;529;366;290;167;307;452;1053;0;48;303;149;95;150;119;187;1125;4;14;226;217;195;16;188;265;2558;130;193;2675;13
"67";"593500803";32;"59";"59702";"59350";"Lille";"590101";"5935008";"Vieux Bois-Blancs";"H";0;"1";2597;145;121;145;219;306;810;412;164;199;75;546;706;635;352;234;124;737;1585;274;1279;264;380;336;137;108;55;371;793;115;1317;283;327;298;215;125;69;366;792;159;2042;0;79;369;310;422;187;317;358;1012;0;55;205;153;133;148;141;177;1030;0;24;164;156;289;39;177;181;2411;186;281;2597;0
"68";"593500804";32;"59";"59702";"59350";"Lille";"590101";"5935008";"Aviateurs";"H";0;"1";1573;110;61;105;164;173;306;290;169;115;80;366;341;306;294;152;114;488;889;195;712;160;157;146;123;93;33;227;392;92;861;206;184;160;171;59;81;261;497;103;1200;0;16;57;106;186;235;233;367;542;0;16;27;42;45;180;100;132;659;0;0;30;64;141;54;133;236;1288;285;336;1548;25
"69";"593500901";32;"59";"59702";"59350";"Lille";"591471";"5935009";"Buisson";"H";0;"1";2902;90;97;113;102;226;688;510;320;486;269;355;498;645;473;534;396;458;1690;755;1348;179;240;317;237;233;143;239;806;303;1554;177;257;328;237;301;254;218;884;452;2547;0;54;655;434;229;79;782;314;1170;0;27;352;191;107;57;308;127;1377;0;26;303;243;121;22;473;187;2797;106;141;2902;0
"70";"593500902";32;"59";"59702";"59350";"Lille";"591471";"5935009";"Notre Dame de Pellevoisin";"H";0;"1";2193;61;90;118;148;210;462;365;237;288;215;342;416;491;345;298;302;478;1213;503;998;156;231;227;162;118;103;234;581;182;1196;185;185;264;183;179;199;243;632;321;1850;0;40;483;339;136;41;504;308;840;0;23;257;147;48;31;202;132;1010;0;16;227;191;88;10;302;176;2140;54;97;2076;118
"71";"593500903";32;"59";"59702";"59350";"Lille";"591471";"5935009";"Pellevoisin-Rouges Barres";"H";0;"1";1832;100;85;160;140;123;463;335;237;98;90;427;319;495;280;204;107;533;1111;188;907;232;175;238;124;101;37;293;539;75;925;195;145;257;155;103;71;240;572;113;1405;0;49;224;309;211;143;254;216;675;0;35;135;134;64;113;116;77;730;0;14;90;175;146;30;138;138;1685;147;152;1832;0
"72";"593500904";32;"59";"59702";"59350";"Lille";"591481";"5935009";"Cudl";"A";0;"3";0;0;0;0;0;0;0;0;0;0;0;0;0;0;0;0;0;0;0;0;0;0;0;0;0;0;0;0;0;0;0;0;0;0;0;0;0;0;0;0;0;0;0;0;0;0;0;0;0;0;0;0;0;0;0;0;0;0;0;0;0;0;0;0;0;0;0;0;0;0;0;0
"73";"593500905";32;"59";"59702";"59350";"Lille";"591481";"5935009";"Saint-Maurice-cimetière de l'Est";"H";0;"1";2090;76;50;85;82;370;793;260;154;170;49;264;728;539;264;193;101;342;1529;219;1067;121;381;299;142;88;35;167;818;83;1023;143;347;239;122;105;67;176;711;136;1826;0;52;565;344;231;99;237;298;946;0;39;307;197;82;84;93;144;880;0;13;259;147;149;14;144;154;1950;140;193;2080;10
"74";"593500906";32;"59";"59702";"59350";"Lille";"591481";"5935009";"Saint-Maurice des Champs";"H";0;"1";2903;159;119;193;236;421;883;467;230;143;51;597;905;694;435;184;87;835;1874;194;1353;315;406;345;183;74;30;428;851;73;1550;282;499;349;252;110;57;407;1023;121;2306;0;94;565;298;344;180;226;598;1038;0;67;303;124;91;149;81;222;1268;0;27;262;174;254;31;145;375;2457;445;493;2903;0
"75";"593500907";32;"59";"59702";"59350";"Lille";"591481";"5935009";"Saint-Maurice-Briqueterie";"H";0;"1";2956;148;121;205;215;308;807;477;233;252;190;627;650;781;333;308;256;758;1756;442;1426;346;335;399;141;149;57;398;890;139;1530;281;315;382;193;160;199;360;867;303;2330;0;49;477;361;312;226;446;460;1088;0;39;263;167;94;177;162;186;1242;0;10;214;194;218;49;284;273;2638;318;332;2830;126
"76";"593500908";32;"59";"59702";"59350";"Lille";"591481";"5935009";"Saint-Maurice-Saint-Gabriel";"H";0;"1";2127;35;66;80;155;486;545;339;245;130;46;275;817;401;338;224;72;452;1500;175;1042;111;463;180;149;121;19;232;719;92;1085;164;354;221;189;103;53;220;781;84;1849;0;60;436;303;223;120;188;519;929;0;42;256;119;78;98;94;242;920;0;18;180;184;145;22;93;277;1876;251;303;2094;33
"77";"593501001";32;"59";"59702";"59350";"Lille";"591541";"5935010";"Centre";"H";0;"1";2295;118;107;125;140;541;534;325;174;192;39;428;834;408;310;222;94;601;1463;231;1182;166;399;212;182;165;58;248;766;167;1113;262;434;196;128;57;36;353;697;64;1874;0;43;250;199;314;171;226;672;1025;0;36;152;91;147;138;148;312;849;0;7;98;109;166;33;77;360;1690;605;644;2108;187
"78";"593501002";32;"59";"59702";"59350";"Lille";"591541";"5935010";"entree lille fives";"H";0;"2";3041;130;125;263;232;569;743;533;187;157;101;652;956;662;440;203;129;859;1923;258;1460;322;483;320;221;78;36;448;931;82;1581;329;473;342;219;125;93;412;993;176;2389;0;42;245;271;474;303;290;764;1139;0;42;146;150;142;246;105;309;1250;0;0;99;121;332;57;186;455;2458;583;627;2906;135
"79";"593501003";32;"59";"59702";"59350";"Lille";"591551";"5935010";"Caulier";"H";0;"1";3165;197;136;272;239;482;897;464;244;164;70;742;882;822;365;253;100;936;1995;233;1591;377;455;412;179;133;35;486;1003;102;1574;365;427;410;186;120;66;449;993;132;2423;0;73;313;337;467;306;273;653;1216;0;63;184;140;146;241;125;317;1206;0;10;129;198;321;64;149;336;2630;534;573;3115;49
"80";"593501004";32;"59";"59702";"59350";"Lille";"591551";"5935010";"Marbrerie";"H";0;"1";2123;69;64;94;121;442;611;302;165;176;80;285;767;471;261;201;138;446;1420;256;1054;162;368;245;140;97;43;234;715;105;1069;124;399;226;121;104;95;212;706;151;1838;0;46;262;303;280;131;315;500;893;0;38;132;158;96;116;131;222;945;0;8;130;145;184;16;185;278;1979;144;179;2123;0
"81";"593501005";32;"59";"59702";"59350";"Lille";"591551";"5935010";"Lannoy";"H";0;"2";1883;90;88;88;122;333;494;297;168;170;34;346;548;426;289;205;68;449;1229;205;941;186;233;225;151;111;34;221;614;106;942;160;315;201;138;94;34;229;615;98;1538;0;28;215;266;277;126;235;391;764;0;24;121;119;96;121;117;167;774;0;4;93;148;182;5;119;224;1671;213;279;1861;23
"82";"593501006";32;"59";"59702";"59350";"Lille";"591551";"5935010";"Convention";"H";0;"1";2383;109;102;161;238;267;548;457;266;179;57;524;561;519;382;290;106;686;1461;236;1229;298;304;270;199;127;31;391;754;84;1154;226;257;249;184;163;76;295;708;151;1857;0;36;288;314;261;204;312;442;927;0;31;177;146;98;160;117;198;930;0;5;110;168;163;44;195;244;2127;256;296;2371;12
"83";"593501007";32;"59";"59702";"59350";"Lille";"591541";"5935010";"Mont de Terre";"H";0;"1";3493;163;164;205;249;531;973;554;283;255;116;719;930;871;473;325;174;918;2204;371;1608;354;396;457;215;138;47;450;1024;134;1885;365;534;414;258;186;127;468;1180;237;2770;0;86;335;438;524;296;451;641;1255;0;60;143;215;181;249;163;245;1515;0;25;192;224;343;47;288;396;3076;416;478;3482;11
"84";"593501008";32;"59";"59702";"59350";"Lille";"591541";"5935010";"Petit Maroc";"H";0;"1";2287;120;128;140;190;332;621;348;196;168;43;505;646;519;312;222;82;645;1430;211;1176;266;352;269;165;93;31;353;725;97;1111;239;293;251;147;129;51;292;705;114;1781;0;50;122;248;326;236;270;530;916;0;40;71;134;86;202;119;264;866;0;11;51;115;240;34;150;266;1988;298;373;2148;139
"85";"593502401";32;"59";"59702";"59350";"Lille";"590611";"5935024";"epine mont de terre 1";"A";0;"3";50;0;0;0;0;23;4;12;4;8;0;0;23;8;12;4;4;11;31;8;27;0;11;8;4;4;0;0;23;4;23;0;11;0;8;0;4;11;8;4;50;0;0;0;0;12;4;8;26;27;0;0;0;0;4;4;4;15;23;0;0;0;0;8;0;4;11;39;11;11;50;0
"86";"593502402";32;"59";"59702";"59350";"Lille";"590611";"5935024";"epine mont de terre 2";"H";0;"1";1355;71;95;125;161;139;253;216;139;143;14;398;274;250;219;173;41;489;710;156;674;215;145;118;115;68;14;269;348;58;680;182;129;132;105;105;27;219;363;98;957;0;10;31;111;179;142;194;290;459;0;10;24;64;34;118;85;125;498;0;0;7;48;145;24;109;166;1118;237;250;1355;0
"87";"593502403";32;"59";"59702";"59350";"Lille";"590611";"5935024";"epine mont de terre 3";"H";0;"1";2298;115;103;138;220;212;542;454;194;221;99;510;397;602;382;264;143;651;1328;320;1044;248;163;295;217;97;24;304;644;96;1255;262;234;307;165;167;119;347;683;224;1789;0;31;320;367;241;142;378;310;796;0;24;179;160;71;120;121;121;993;0;7;141;207;170;22;257;189;2188;111;182;2298;0
"88";"593502404";32;"59";"59702";"59350";"Lille";"590611";"5935024";"epine mont de terre 4";"H";0;"1";1763;113;88;106;148;170;373;376;199;127;62;387;318;409;374;190;84;489;1084;189;836;196;142;170;209;89;30;245;514;76;927;191;176;239;166;101;54;244;570;113;1377;0;23;175;278;229;164;241;267;641;0;19;100;121;73;128;123;78;736;0;4;75;158;157;37;117;189;1619;144;175;1753;9
"89";"593502405";32;"59";"59702";"59350";"Lille";"590611";"5935024";"epine mont de terre 5";"A";0;"3";568;22;29;31;35;58;174;89;75;33;22;109;164;121;77;53;43;141;371;56;297;65;69;69;41;32;20;84;183;29;271;44;96;52;36;21;22;57;188;26;460;0;8;46;113;77;50;81;85;232;0;8;23;55;25;43;42;37;228;0;0;23;58;52;7;39;49;547;20;44;565;3
"90";"593502501";32;"59";"59702";"59350";"Lille";"590811";"5935025";"centre 1";"H";0;"1";1891;57;75;99;130;319;377;384;201;182;68;307;500;371;365;216;132;441;1200;249;901;175;241;175;180;80;51;233;577;91;990;132;259;197;185;136;81;208;624;158;1587;0;34;227;241;248;164;316;356;714;0;25;119;112;47;143;114;154;872;0;9;108;129;201;21;202;202;1730;161;215;1769;122
"91";"593502502";32;"59";"59702";"59350";"Lille";"590811";"5935025";"centre 2";"H";0;"1";2159;98;64;111;123;366;587;403;187;144;76;339;688;456;367;213;96;481;1458;220;1059;189;334;254;159;92;31;251;733;75;1099;150;354;201;208;121;66;230;725;145;1819;0;34;393;361;313;139;243;335;870;0;23;231;174;99;120;95;129;948;0;11;162;187;214;20;149;207;2051;107;149;2158;1
"92";"593502503";32;"59";"59702";"59350";"Lille";"590811";"5935025";"centre 3";"H";0;"1";2750;170;129;144;205;343;834;448;250;151;75;563;755;673;425;229;105;727;1797;226;1287;290;346;357;188;88;19;373;850;65;1463;274;409;316;237;141;86;354;948;161;2189;0;37;277;382;493;257;281;462;1000;0;25;174;169;152;200;93;186;1189;0;11;103;213;341;57;188;276;2484;267;341;2726;25
"93";"593502601";32;"59";"59702";"59350";"Lille";"591141";"5935026";"les sarts 1";"H";0;"2";2068;73;81;126;228;192;374;434;258;196;105;400;437;395;419;252;165;557;1209;301;1005;238;210;192;181;125;59;316;562;128;1062;161;227;203;238;127;106;242;648;173;1660;0;66;63;199;343;248;353;389;766;0;52;39;104;84;182;155;151;894;0;14;24;94;259;67;198;238;1833;234;340;1989;78
"94";"593502602";32;"59";"59702";"59350";"Lille";"591141";"5935026";"les sarts 2";"H";0;"1";1750;39;90;120;173;141;325;326;259;210;68;340;273;382;374;255;125;478;994;278;791;179;97;169;163;130;53;222;436;133;959;162;176;212;212;125;72;256;557;145;1410;0;39;213;229;272;117;327;213;612;0;20;123;94;59;91;161;66;797;0;19;90;135;213;26;166;148;1653;97;127;1750;0
"95";"593502603";32;"59";"59702";"59350";"Lille";"591141";"5935026";"les sarts 3";"H";0;"1";1804;78;64;122;161;167;345;353;291;130;92;360;329;355;400;257;104;489;1092;223;897;190;171;189;178;130;38;251;554;92;907;169;158;166;222;126;65;238;538;131;1444;0;24;185;246;330;167;295;198;707;0;16;103;120;104;145;141;77;737;0;8;82;126;225;23;154;120;1742;62;123;1803;1
"96";"593502701";32;"59";"59702";"59350";"Lille";"590661";"5935027";"zone d activité-min";"A";0;"3";380;16;22;19;37;25;78;65;99;10;8;81;67;57;113;53;8;102;260;18;205;45;48;27;62;21;2;66;132;7;175;36;19;31;51;33;6;36;128;11;299;0;1;56;52;57;21;54;58;160;0;1;27;28;20;21;23;39;139;0;0;28;24;37;0;31;19;380;0;8;359;21
"97";"593502702";32;"59";"59702";"59350";"Lille";"590661";"5935027";"bourg delivrance 2";"H";0;"1";1631;42;62;108;211;132;252;366;186;217;56;341;274;315;375;227;99;469;888;274;751;182;109;152;172;99;36;221;412;118;880;159;165;163;203;129;63;248;477;156;1290;0;16;85;161;227;195;330;276;568;0;12;48;59;55;158;151;86;721;0;4;37;102;172;37;179;190;1607;24;58;1631;0
"98";"593502703";32;"59";"59702";"59350";"Lille";"590671";"5935027";"bourg delivrance 3";"H";0;"1";1773;66;56;90;148;168;356;293;187;249;160;294;366;333;284;250;244;415;949;409;784;130;138;170;131;118;98;168;438;178;988;164;229;163;153;133;147;246;510;232;1479;0;38;142;242;224;137;450;246;653;0;27;104;94;59;113;195;61;826;0;10;38;148;165;24;255;185;1698;75;139;1733;39
"99";"593502704";32;"59";"59702";"59350";"Lille";"590661";"5935027";"bourg delivrance 4";"H";0;"1";2086;45;66;114;232;213;270;436;255;317;139;348;400;316;457;330;236;530;1100;456;974;184;177;128;234;150;102;257;529;189;1112;164;222;188;224;180;135;273;571;268;1753;0;39;216;260;188;184;525;340;800;0;13;125;98;54;148;241;121;953;0;26;91;163;134;36;284;220;2032;55;115;2085;1
"100";"593502705";32;"59";"59702";"59350";"Lille";"590661";"5935027";"bourg delivrance 5";"H";0;"1";1531;25;43;76;105;119;278;292;199;211;182;194;271;285;296;247;238;292;845;394;696;97;141;133;144;110;71;137;422;136;835;97;129;152;151;138;167;155;423;258;1330;0;33;169;166;259;112;418;173;591;0;22;94;79;86;93;159;58;739;0;12;75;86;172;18;260;115;1495;36;60;1474;56
"101";"593502706";32;"59";"59702";"59350";"Lille";"590661";"5935027";"Plate-forme multimodale";"A";0;"3";0;0;0;0;0;0;0;0;0;0;0;0;0;0;0;0;0;0;0;0;0;0;0;0;0;0;0;0;0;0;0;0;0;0;0;0;0;0;0;0;0;0;0;0;0;0;0;0;0;0;0;0;0;0;0;0;0;0;0;0;0;0;0;0;0;0;0;0;0;0;0;0
"102";"593502801";32;"59";"59702";"59350";"Lille";"590671";"5935028";"mitterie 1";"H";0;"1";3092;167;109;166;213;320;792;556;320;320;128;586;682;733;511;374;207;766;1878;449;1517;293;351;395;258;153;67;413;944;160;1575;293;331;337;253;221;140;352;934;289;2506;0;61;251;426;501;347;519;401;1224;0;37;154;217;131;275;203;207;1282;0;24;97;209;369;72;316;195;2876;216;299;3044;48
"103";"593502802";32;"59";"59702";"59350";"Lille";"590671";"5935028";"mitterie 2";"H";0;"1";2097;71;96;114;187;295;464;362;223;159;127;381;536;449;349;202;179;607;1204;286;1069;187;319;238;185;89;52;341;636;92;1028;193;218;211;164;113;128;266;568;194;1712;0;36;199;239;240;151;321;527;884;0;23;99;128;89;110;117;320;827;0;13;100;111;151;40;203;207;2004;93;167;1681;416
"104";"593502901";32;"59";"59702";"59350";"Lille";"590681";"5935029";"mont a camp-marais 1";"H";0;"1";1955;85;83;119;160;150;455;346;211;253;94;382;384;428;314;265;182;475;1133;347;890;206;174;215;130;115;50;250;513;126;1066;176;211;213;184;150;132;225;620;220;1573;0;30;105;184;308;293;406;246;684;0;25;54;58;75;227;143;102;889;0;6;51;126;233;66;263;144;1881;75;95;1955;0
"105";"593502902";32;"59";"59702";"59350";"Lille";"590681";"5935029";"mont a camp-marais 2";"H";0;"1";2167;82;66;99;117;204;469;345;243;353;190;306;423;413;328;405;292;419;1205;543;1022;199;241;200;141;172;69;268;583;171;1145;107;182;213;187;233;223;151;622;372;1861;0;37;220;277;282;137;627;281;824;0;25;122;126;91;104;211;144;1038;0;12;98;151;191;33;416;137;2109;58;113;2167;0
"106";"593502903";32;"59";"59702";"59350";"Lille";"590691";"5935029";"mont a camp-marais 3";"H";0;"1";2347;84;118;168;167;219;587;418;296;188;101;469;503;507;452;250;165;587;1471;289;1129;247;270;248;202;106;57;306;719;104;1218;222;233;259;250;144;108;281;751;185;1877;0;41;226;378;394;251;381;207;882;0;28;115;184;123;204;143;86;995;0;13;112;194;270;48;237;121;2283;64;132;2347;0
"107";"593502904";32;"59";"59702";"59350";"Lille";"590681";"5935029";"mont a camp-marais 4";"H";0;"1";1753;73;73;150;135;153;283;349;240;204;92;376;321;269;388;257;142;464;992;296;800;206;179;114;154;107;39;261;440;98;953;170;141;154;234;150;104;203;552;199;1376;0;11;89;185;270;216;366;240;594;0;11;49;84;58;152;143;97;783;0;0;40;101;212;64;223;143;1672;81;122;1753;0
"108";"593503001";32;"59";"59702";"59350";"Lille";"590691";"5935030";"sud marais 1";"H";0;"1";2459;100;120;193;210;205;582;516;213;236;83;538;436;658;394;279;154;672;1467;319;1175;251;235;323;206;109;52;325;734;116;1283;287;201;335;188;170;102;347;733;204;1921;0;19;228;381;382;254;399;259;924;0;16;133;192;98;201;157;127;997;0;4;95;189;284;52;241;132;2402;57;128;2459;0
"109";"593503002";32;"59";"59702";"59350";"Lille";"590691";"5935030";"sud marais 2";"H";0;"1";1869;90;108;143;177;164;391;396;188;171;39;435;407;358;367;225;78;567;1092;210;888;245;207;164;148;97;28;311;491;86;981;190;200;194;219;128;49;256;601;124;1434;0;14;87;200;334;213;264;321;643;0;7;30;106;107;170;111;114;791;0;7;58;94;228;43;154;207;1730;139;171;1852;17
"110";"593503003";32;"59";"59702";"59350";"Lille";"590691";"5935030";"sud marais 3";"H";0;"1";2229;159;131;183;211;199;588;399;186;142;32;602;484;520;368;189;66;737;1318;174;1062;305;259;244;151;85;17;378;619;65;1168;297;226;276;217;103;49;359;699;109;1627;0;39;79;188;447;334;237;302;756;0;32;50;89;102;258;99;127;871;0;7;29;100;345;76;139;175;2121;109;156;2229;0
